{
    "node|": {
        "count": 36,
        "timestamps": [
            1760411180.2433743,
            1760411180.445132,
            1760411180.6448936,
            1760411180.8461978,
            1760411181.04673,
            1760411181.2470186,
            1760411181.4478116,
            1760411181.6486368,
            1760411181.8482022,
            1760411182.0486715,
            1760411182.2485597,
            1760411182.4534326,
            1760411182.6534343,
            1760411182.8527074,
            1760411183.0536299,
            1760411183.2555552,
            1760411183.4553702,
            1760411183.6560678,
            1760411183.8569062,
            1760411184.0577352,
            1760411184.258024,
            1760411184.4588037,
            1760411184.6600075,
            1760411184.8623881,
            1760411185.0634115,
            1760411185.2626336,
            1760411185.4627857,
            1760411185.6635754,
            1760411185.8677473,
            1760411186.068176,
            1760411186.271401,
            1760411186.480654,
            1760411186.6803122,
            1760411186.8807135,
            1760411187.0813208,
            1760411187.2819479
        ],
        "mean_interval": 0.2011021000998361,
        "std_dev_interval": 0.0018781237332682775
    },
    "libuv-worker|": {
        "count": 49,
        "timestamps": [
            1760411180.2461195,
            1760411180.4037654,
            1760411180.6287858,
            1760411180.7527723,
            1760411180.8098526,
            1760411180.8984134,
            1760411180.98972,
            1760411181.133196,
            1760411181.2749786,
            1760411181.4183028,
            1760411181.592932,
            1760411181.7380233,
            1760411181.882052,
            1760411182.0251513,
            1760411182.1919475,
            1760411182.3359447,
            1760411182.5076056,
            1760411182.6705058,
            1760411182.8274567,
            1760411183.0011973,
            1760411183.1431944,
            1760411183.288036,
            1760411183.4316866,
            1760411183.59912,
            1760411183.74111,
            1760411183.8920505,
            1760411184.0361273,
            1760411184.204143,
            1760411184.3550963,
            1760411184.5499053,
            1760411184.6045651,
            1760411184.6951401,
            1760411184.8387294,
            1760411185.008402,
            1760411185.1510103,
            1760411185.2936492,
            1760411185.4367275,
            1760411185.6086347,
            1760411185.7564478,
            1760411185.9267879,
            1760411186.047423,
            1760411186.24064,
            1760411186.4190419,
            1760411186.5577517,
            1760411186.715056,
            1760411186.8594868,
            1760411187.0297592,
            1760411187.2234197,
            1760411187.401457
        ],
        "mean_interval": 0.14906953275203705,
        "std_dev_interval": 0.03210164949055522
    }
}